floor_level,zone_id,created_at,ta,pmv,lux,spl,co2,hour
30,8,2019-05-15 10:10:00+00:00,22.52,0.1,133,46,496,10
30,8,2019-05-16 12:50:00+00:00,22.24,0.1,102,0,630,12
30,8,2019-05-16 12:55:00+00:00,22.39,0.1,107,47,635,12
30,8,2019-05-16 13:00:00+00:00,22.52,0.2,60,48,639,13
30,8,2019-05-16 13:05:00+00:00,22.65,0.2,65,47,646,13
30,8,2019-05-16 13:10:00+00:00,22.73,0.2,102,46,648,13
30,8,2019-05-16 13:15:00+00:00,22.84,0.2,86,46,644,13
30,8,2019-05-16 13:20:00+00:00,22.92,0.2,97,47,659,13
30,8,2019-05-16 13:25:00+00:00,22.97,0.2,97,51,661,13
30,8,2019-05-16 13:30:00+00:00,23.02,0.2,91,52,675,13
30,8,2019-05-16 13:35:00+00:00,23.09,0.2,97,49,679,13
30,8,2019-05-16 13:40:00+00:00,23.12,0.2,97,48,688,13
30,8,2019-05-16 13:45:00+00:00,23.17,0.2,97,46,676,13
30,8,2019-05-16 13:50:00+00:00,23.2,0.2,97,46,673,13
30,8,2019-05-16 13:55:00+00:00,23.25,0.3,97,46,669,13
30,8,2019-05-16 14:00:00+00:00,23.25,0.3,97,46,661,14
30,8,2019-05-16 14:05:00+00:00,23.28,0.3,97,47,666,14
30,8,2019-05-16 14:10:00+00:00,23.3,0.3,91,50,670,14
30,8,2019-05-16 14:15:00+00:00,23.33,0.3,91,50,685,14
30,8,2019-05-16 14:20:00+00:00,23.35,0.3,81,49,688,14
30,8,2019-05-16 14:20:00+00:00,23.35,0.3,81,49,688,14
30,8,2019-05-16 14:25:00+00:00,23.37,0.3,86,50,688,14
30,8,2019-05-16 14:30:00+00:00,23.34,0.3,81,50,693,14
30,8,2019-05-16 14:35:00+00:00,23.31,0.3,81,49,699,14
30,8,2019-05-16 14:40:00+00:00,23.37,0.3,81,48,712,14
30,8,2019-05-16 14:45:00+00:00,23.4,0.3,81,48,711,14
30,8,2019-05-16 14:50:00+00:00,23.39,0.3,81,48,719,14
30,8,2019-05-16 14:55:00+00:00,23.39,0.3,81,48,728,14
30,8,2019-05-16 15:00:00+00:00,23.36,0.3,81,49,747,15
30,8,2019-05-16 15:05:00+00:00,23.35,0.3,76,51,750,15
30,8,2019-05-16 15:10:00+00:00,23.34,0.3,76,50,756,15
30,8,2019-05-16 15:15:00+00:00,23.35,0.3,81,47,764,15
30,8,2019-05-16 15:20:00+00:00,23.35,0.3,81,47,752,15
30,8,2019-05-16 15:25:00+00:00,23.34,0.3,76,46,754,15
30,8,2019-05-16 15:30:00+00:00,23.37,0.2,71,46,734,15
30,8,2019-05-16 15:35:00+00:00,23.36,0.2,71,47,710,15
30,8,2019-05-16 15:40:00+00:00,23.34,0.2,71,48,722,15
30,8,2019-05-16 15:45:00+00:00,23.34,0.2,65,48,723,15
30,8,2019-05-16 15:50:00+00:00,23.33,0.2,60,48,721,15
30,8,2019-05-16 15:55:00+00:00,23.33,0.2,60,49,720,15
30,8,2019-05-16 16:00:00+00:00,23.34,0.2,60,49,731,16
30,8,2019-05-16 16:05:00+00:00,23.3,0.2,55,47,738,16
30,8,2019-05-16 16:10:00+00:00,23.25,0.2,55,47,742,16
30,8,2019-05-16 16:15:00+00:00,23.27,0.2,50,46,739,16
30,8,2019-05-16 16:20:00+00:00,23.28,0.2,45,47,725,16
30,8,2019-05-16 16:25:00+00:00,23.3,0.2,45,50,720,16
30,8,2019-05-16 16:30:00+00:00,23.3,0.2,40,50,720,16
30,8,2019-05-16 16:35:00+00:00,23.3,0.2,40,49,734,16
30,8,2019-05-16 16:40:00+00:00,23.26,0.2,40,48,737,16
30,8,2019-05-16 16:45:00+00:00,23.19,0.2,34,46,725,16
30,8,2019-05-16 16:50:00+00:00,23.17,0.2,29,46,713,16
30,8,2019-05-16 16:55:00+00:00,23.17,0.2,29,46,710,16
30,8,2019-05-16 16:55:00+00:00,23.17,0.2,29,46,710,16
30,8,2019-05-16 17:00:00+00:00,23.18,0.2,29,46,704,17
30,8,2019-05-16 17:05:00+00:00,23.19,0.2,29,47,695,17
30,8,2019-05-16 17:10:00+00:00,23.2,0.2,29,47,675,17
30,8,2019-05-16 17:15:00+00:00,23.21,0.2,29,47,663,17
30,8,2019-05-16 17:20:00+00:00,23.19,0.2,24,49,665,17
30,8,2019-05-16 17:25:00+00:00,23.16,0.2,29,49,662,17
30,8,2019-05-16 17:30:00+00:00,23.13,0.2,29,47,643,17
30,8,2019-05-16 17:35:00+00:00,23.11,0.2,29,46,624,17
30,8,2019-05-16 17:40:00+00:00,23.1,0.2,24,46,617,17
30,8,2019-05-16 17:45:00+00:00,23.07,0.2,29,47,597,17
30,8,2019-05-16 17:50:00+00:00,23.05,0.2,29,46,587,17
30,8,2019-05-16 17:55:00+00:00,23.03,0.2,29,45,573,17
30,8,2019-05-16 18:00:00+00:00,22.99,0.1,29,45,558,18
30,8,2019-05-16 18:05:00+00:00,22.94,0.1,29,45,534,18
30,8,2019-05-16 18:10:00+00:00,22.91,0.1,29,45,524,18
30,8,2019-05-16 18:15:00+00:00,22.87,0.1,29,45,519,18
30,8,2019-05-16 18:20:00+00:00,22.85,0.1,29,45,512,18
30,8,2019-05-16 18:25:00+00:00,22.79,0.1,29,45,500,18
30,8,2019-05-16 18:30:00+00:00,22.74,0.1,29,45,499,18
30,8,2019-05-16 18:35:00+00:00,22.72,0.1,29,45,496,18
30,8,2019-05-16 18:40:00+00:00,22.68,0.1,29,44,490,18
30,8,2019-05-16 18:45:00+00:00,22.67,0.1,29,44,493,18
30,8,2019-05-16 18:50:00+00:00,22.65,0.1,29,44,486,18
30,8,2019-05-16 18:55:00+00:00,22.62,0.1,29,44,479,18
30,8,2019-05-16 19:00:00+00:00,22.62,0.1,29,44,475,19
30,8,2019-05-16 19:05:00+00:00,22.58,0.0,24,45,472,19
30,8,2019-05-16 19:10:00+00:00,22.57,0.0,19,45,463,19
30,8,2019-05-16 19:15:00+00:00,22.58,0.1,19,44,465,19
30,8,2019-05-16 19:20:00+00:00,22.63,0.1,24,49,466,19
30,8,2019-05-16 19:25:00+00:00,22.65,0.1,24,52,480,19
30,8,2019-05-16 19:30:00+00:00,22.69,0.1,24,47,486,19
30,8,2019-05-16 19:35:00+00:00,22.73,0.1,24,44,485,19
30,8,2019-05-16 19:40:00+00:00,22.77,0.1,24,44,487,19
30,8,2019-05-16 19:45:00+00:00,22.79,0.1,24,44,493,19
30,8,2019-05-16 19:50:00+00:00,22.81,0.1,19,44,494,19
30,8,2019-05-16 19:55:00+00:00,22.84,0.2,0,44,498,19
30,8,2019-05-16 20:00:00+00:00,22.85,0.2,0,44,502,20
30,8,2019-05-16 20:05:00+00:00,22.88,0.2,19,45,506,20
30,8,2019-05-16 20:10:00+00:00,22.89,0.2,24,44,507,20
30,8,2019-05-16 20:15:00+00:00,22.9,0.2,24,44,508,20
30,8,2019-05-16 20:20:00+00:00,22.91,0.2,24,44,509,20
30,8,2019-05-16 20:25:00+00:00,22.93,0.2,24,44,509,20
30,8,2019-05-16 20:30:00+00:00,22.95,0.2,24,46,509,20
30,8,2019-05-16 20:35:00+00:00,22.95,0.2,0,47,508,20
30,8,2019-05-16 20:40:00+00:00,22.96,0.2,0,45,510,20
30,8,2019-05-16 20:45:00+00:00,22.96,0.2,0,44,511,20
30,8,2019-05-16 20:50:00+00:00,22.97,0.2,0,44,513,20
30,8,2019-05-16 20:55:00+00:00,22.98,0.2,0,44,512,20
30,8,2019-05-16 21:00:00+00:00,22.98,0.2,0,44,510,21
30,8,2019-05-16 21:05:00+00:00,22.99,0.2,0,44,510,21
30,8,2019-05-16 21:10:00+00:00,23.0,0.2,0,44,510,21
30,8,2019-05-16 21:15:00+00:00,23.0,0.2,0,44,511,21
30,8,2019-05-16 21:20:00+00:00,23.01,0.2,0,44,511,21
30,8,2019-05-16 21:25:00+00:00,23.01,0.2,0,44,510,21
30,8,2019-05-16 21:30:00+00:00,23.01,0.2,0,44,510,21
30,8,2019-05-16 21:35:00+00:00,23.02,0.2,0,44,511,21
30,8,2019-05-16 21:40:00+00:00,23.03,0.2,0,44,513,21
30,8,2019-05-16 21:45:00+00:00,23.04,0.2,0,44,516,21
30,8,2019-05-16 21:50:00+00:00,23.04,0.2,0,44,513,21
30,8,2019-05-16 21:55:00+00:00,23.04,0.2,0,44,516,21
30,8,2019-05-16 22:00:00+00:00,23.06,0.2,0,44,511,22
30,8,2019-05-16 22:05:00+00:00,23.05,0.2,0,44,513,22
30,8,2019-05-16 22:10:00+00:00,23.05,0.2,0,44,513,22
30,8,2019-05-16 22:15:00+00:00,23.06,0.2,0,44,514,22
30,8,2019-05-16 22:20:00+00:00,23.05,0.2,0,44,513,22
30,8,2019-05-16 22:25:00+00:00,23.05,0.2,0,44,512,22
30,8,2019-05-16 22:30:00+00:00,23.04,0.2,0,44,512,22
30,8,2019-05-16 22:35:00+00:00,23.04,0.2,0,44,511,22
30,8,2019-05-16 22:40:00+00:00,23.05,0.2,0,44,511,22
30,8,2019-05-16 22:45:00+00:00,23.06,0.2,0,44,511,22
30,8,2019-05-16 22:50:00+00:00,23.07,0.2,0,44,510,22
30,8,2019-05-16 22:55:00+00:00,23.07,0.2,0,44,509,22
30,8,2019-05-16 23:00:00+00:00,23.07,0.2,0,44,509,23
30,8,2019-05-16 23:05:00+00:00,23.07,0.2,0,44,510,23
30,8,2019-05-16 23:10:00+00:00,23.06,0.2,0,44,510,23
30,8,2019-05-16 23:15:00+00:00,23.05,0.2,0,44,509,23
30,8,2019-05-16 23:20:00+00:00,23.06,0.2,0,44,508,23
30,8,2019-05-16 23:25:00+00:00,23.05,0.2,0,44,507,23
30,8,2019-05-16 23:30:00+00:00,23.06,0.2,0,44,505,23
30,8,2019-05-16 23:35:00+00:00,23.05,0.2,0,44,507,23
30,8,2019-05-16 23:40:00+00:00,23.05,0.2,0,44,505,23
30,8,2019-05-16 23:45:00+00:00,23.07,0.2,0,44,505,23
30,8,2019-05-16 23:50:00+00:00,23.06,0.2,0,44,505,23
30,8,2019-05-16 23:55:00+00:00,23.05,0.2,0,44,505,23
30,8,2019-05-17 00:00:00+00:00,23.05,0.2,0,44,502,0
30,8,2019-05-17 00:05:00+00:00,23.05,0.2,0,44,504,0
30,8,2019-05-17 00:10:00+00:00,23.06,0.2,0,44,503,0
30,8,2019-05-17 00:15:00+00:00,23.07,0.2,0,44,503,0
30,8,2019-05-17 00:20:00+00:00,23.04,0.2,0,44,501,0
30,8,2019-05-17 00:25:00+00:00,23.04,0.2,0,44,500,0
30,8,2019-05-17 00:30:00+00:00,23.04,0.2,0,44,501,0
30,8,2019-05-17 00:35:00+00:00,23.02,0.2,0,44,501,0
30,8,2019-05-17 00:40:00+00:00,23.02,0.2,0,44,500,0
30,8,2019-05-17 00:45:00+00:00,23.02,0.2,0,44,499,0
30,8,2019-05-17 00:50:00+00:00,23.02,0.2,0,44,499,0
30,8,2019-05-17 00:55:00+00:00,23.01,0.2,0,44,499,0
30,8,2019-05-17 01:00:00+00:00,23.0,0.2,0,44,498,1
30,8,2019-05-17 01:05:00+00:00,23.0,0.2,0,44,499,1
30,8,2019-05-17 01:10:00+00:00,22.99,0.2,0,44,497,1
30,8,2019-05-17 01:15:00+00:00,22.98,0.2,0,44,498,1
30,8,2019-05-17 01:20:00+00:00,22.98,0.2,0,44,498,1
30,8,2019-05-17 01:25:00+00:00,22.98,0.2,0,44,498,1
30,8,2019-05-17 01:30:00+00:00,22.99,0.2,0,44,496,1
30,8,2019-05-17 01:35:00+00:00,22.98,0.2,0,44,497,1
30,8,2019-05-17 01:40:00+00:00,22.97,0.2,0,44,496,1
30,8,2019-05-17 01:45:00+00:00,22.98,0.2,0,44,496,1
30,8,2019-05-17 01:50:00+00:00,22.96,0.2,0,44,495,1
30,8,2019-05-17 01:55:00+00:00,22.95,0.2,0,44,496,1
30,8,2019-05-17 02:00:00+00:00,22.96,0.2,0,44,496,2
30,8,2019-05-17 02:05:00+00:00,22.95,0.2,0,44,495,2
30,8,2019-05-17 02:10:00+00:00,22.94,0.2,0,44,494,2
30,8,2019-05-17 02:15:00+00:00,22.94,0.2,0,44,493,2
30,8,2019-05-17 02:20:00+00:00,22.93,0.2,0,44,493,2
30,8,2019-05-17 02:25:00+00:00,22.93,0.2,0,44,492,2
30,8,2019-05-17 02:30:00+00:00,22.93,0.2,0,44,493,2
30,8,2019-05-17 02:35:00+00:00,22.93,0.2,0,44,491,2
30,8,2019-05-17 02:40:00+00:00,22.92,0.2,0,44,490,2
30,8,2019-05-17 02:45:00+00:00,22.91,0.2,0,44,491,2
30,8,2019-05-17 02:50:00+00:00,22.91,0.2,0,44,491,2
30,8,2019-05-17 02:55:00+00:00,22.91,0.2,0,44,491,2
30,8,2019-05-17 03:00:00+00:00,22.92,0.2,0,44,490,3
30,8,2019-05-17 03:05:00+00:00,22.9,0.2,0,44,489,3
30,8,2019-05-17 03:10:00+00:00,22.9,0.2,0,44,489,3
30,8,2019-05-17 03:15:00+00:00,22.89,0.2,0,44,488,3
30,8,2019-05-17 03:20:00+00:00,22.9,0.2,0,44,488,3
30,8,2019-05-17 03:25:00+00:00,22.89,0.2,0,44,488,3
30,8,2019-05-17 03:30:00+00:00,22.89,0.2,0,44,487,3
30,8,2019-05-17 03:35:00+00:00,22.88,0.2,0,44,487,3
30,8,2019-05-17 03:40:00+00:00,22.88,0.2,0,44,486,3
30,8,2019-05-17 03:45:00+00:00,22.88,0.2,0,44,485,3
30,8,2019-05-17 03:50:00+00:00,22.87,0.1,0,44,486,3
30,8,2019-05-17 03:55:00+00:00,22.88,0.1,0,44,485,3
30,8,2019-05-17 04:00:00+00:00,22.88,0.2,0,44,485,4
30,8,2019-05-17 04:05:00+00:00,22.86,0.1,0,44,485,4
30,8,2019-05-17 04:10:00+00:00,22.86,0.1,0,44,485,4
30,8,2019-05-17 04:15:00+00:00,22.85,0.1,0,44,484,4
30,8,2019-05-17 04:20:00+00:00,22.84,0.1,0,44,483,4
30,8,2019-05-17 04:25:00+00:00,22.84,0.1,0,44,484,4
30,8,2019-05-17 04:30:00+00:00,22.84,0.1,0,44,484,4
30,8,2019-05-17 04:30:00+00:00,22.84,0.1,0,44,484,4
30,8,2019-05-17 04:35:00+00:00,22.84,0.1,0,44,482,4
30,8,2019-05-17 04:40:00+00:00,22.83,0.1,0,44,482,4
30,8,2019-05-17 04:45:00+00:00,22.84,0.1,0,44,483,4
30,8,2019-05-17 04:50:00+00:00,22.81,0.1,0,44,481,4
30,8,2019-05-17 04:55:00+00:00,22.8,0.1,0,44,482,4
30,8,2019-05-17 05:00:00+00:00,22.8,0.1,0,44,481,5
30,8,2019-05-17 05:05:00+00:00,22.8,0.1,0,44,481,5
30,8,2019-05-17 05:10:00+00:00,22.8,0.1,0,44,481,5
30,8,2019-05-17 05:15:00+00:00,22.79,0.1,0,44,481,5
30,8,2019-05-17 05:20:00+00:00,22.79,0.1,0,44,478,5
30,8,2019-05-17 05:25:00+00:00,22.78,0.1,0,44,480,5
30,8,2019-05-17 05:30:00+00:00,22.77,0.1,0,44,480,5
30,8,2019-05-17 05:35:00+00:00,22.77,0.1,0,44,479,5
30,8,2019-05-17 05:40:00+00:00,22.77,0.1,0,44,478,5
30,8,2019-05-17 05:45:00+00:00,22.76,0.1,0,44,478,5
30,8,2019-05-17 05:50:00+00:00,22.75,0.1,0,44,479,5
30,8,2019-05-17 05:55:00+00:00,22.75,0.1,0,44,478,5
30,8,2019-05-17 06:00:00+00:00,22.75,0.1,0,44,478,6
30,8,2019-05-17 06:05:00+00:00,22.74,0.1,0,44,477,6
30,8,2019-05-17 06:10:00+00:00,22.73,0.1,0,44,477,6
30,8,2019-05-17 06:15:00+00:00,22.73,0.1,0,44,478,6
30,8,2019-05-17 06:20:00+00:00,22.72,0.1,0,44,478,6
30,8,2019-05-17 06:25:00+00:00,22.72,0.1,0,44,478,6
30,8,2019-05-17 06:30:00+00:00,22.72,0.1,0,44,479,6
30,8,2019-05-17 06:35:00+00:00,22.71,0.1,0,44,478,6
30,8,2019-05-17 06:40:00+00:00,22.73,0.1,0,44,477,6
30,8,2019-05-17 06:45:00+00:00,22.71,0.1,0,44,477,6
30,8,2019-05-17 06:50:00+00:00,22.7,0.1,0,44,476,6
30,8,2019-05-17 06:55:00+00:00,22.69,0.1,0,44,477,6
30,8,2019-05-17 07:00:00+00:00,22.66,0.1,24,44,476,7
30,8,2019-05-17 07:05:00+00:00,22.63,0.1,55,44,475,7
30,8,2019-05-17 07:10:00+00:00,22.6,0.1,76,44,483,7
30,8,2019-05-17 07:15:00+00:00,22.58,0.1,86,44,485,7
30,8,2019-05-17 07:20:00+00:00,22.54,0.1,117,44,486,7
30,8,2019-05-17 07:25:00+00:00,22.53,0.1,117,44,486,7
30,8,2019-05-17 07:30:00+00:00,22.5,0.1,107,45,491,7
30,8,2019-05-17 07:35:00+00:00,22.49,0.0,112,44,493,7
30,8,2019-05-17 07:40:00+00:00,22.44,0.0,117,45,492,7
30,8,2019-05-17 07:45:00+00:00,22.42,0.0,122,45,495,7
30,8,2019-05-17 07:50:00+00:00,22.42,0.0,122,44,498,7
30,8,2019-05-17 07:55:00+00:00,22.41,0.0,133,44,499,7
30,8,2019-05-17 08:00:00+00:00,22.36,0.0,128,45,504,8
30,8,2019-05-17 08:05:00+00:00,22.31,0.0,107,44,510,8
30,8,2019-05-17 08:10:00+00:00,22.25,0.0,112,45,514,8
30,8,2019-05-17 08:15:00+00:00,22.22,0.0,112,45,519,8
30,8,2019-05-17 08:20:00+00:00,22.19,0.0,112,45,529,8
30,8,2019-05-17 08:25:00+00:00,22.21,0.0,117,46,541,8
30,8,2019-05-17 08:30:00+00:00,22.22,0.0,117,46,558,8
30,8,2019-05-17 08:35:00+00:00,22.24,0.0,112,47,572,8
30,8,2019-05-17 08:40:00+00:00,22.26,0.0,117,48,593,8
30,8,2019-05-17 08:45:00+00:00,22.28,0.0,117,48,618,8
30,8,2019-05-17 08:50:00+00:00,22.3,0.0,117,49,636,8
30,8,2019-05-17 08:55:00+00:00,22.35,0.1,112,49,657,8
30,8,2019-05-17 09:00:00+00:00,22.37,0.1,112,49,698,9
30,8,2019-05-17 09:05:00+00:00,22.4,0.1,117,51,727,9
30,8,2019-05-17 09:10:00+00:00,22.43,0.1,112,50,737,9
30,8,2019-05-17 09:15:00+00:00,22.46,0.1,122,50,743,9
30,8,2019-05-17 09:20:00+00:00,22.5,0.1,154,51,750,9
30,8,2019-05-17 09:25:00+00:00,22.55,0.1,154,49,761,9
30,8,2019-05-17 09:30:00+00:00,22.57,0.1,154,47,757,9
30,8,2019-05-17 09:35:00+00:00,22.6,0.1,159,46,753,9
30,8,2019-05-17 09:40:00+00:00,22.63,0.1,159,50,764,9
30,8,2019-05-17 09:45:00+00:00,22.67,0.1,159,52,775,9
30,8,2019-05-17 09:50:00+00:00,22.69,0.2,159,52,781,9
30,8,2019-05-17 09:55:00+00:00,22.7,0.2,154,50,782,9
30,8,2019-05-17 10:00:00+00:00,22.75,0.2,154,51,792,10
30,8,2019-05-17 10:05:00+00:00,22.79,0.2,154,51,806,10
30,8,2019-05-17 10:10:00+00:00,22.86,0.2,159,47,807,10
30,8,2019-05-17 10:15:00+00:00,22.89,0.2,154,48,790,10
30,8,2019-05-17 10:20:00+00:00,22.9,0.2,154,49,793,10
30,8,2019-05-17 10:25:00+00:00,22.94,0.2,154,48,785,10
30,8,2019-05-17 10:30:00+00:00,22.94,0.2,154,47,784,10
30,8,2019-05-17 10:35:00+00:00,22.9,0.2,154,48,780,10
30,8,2019-05-17 10:40:00+00:00,22.96,0.2,154,48,791,10
30,8,2019-05-17 10:45:00+00:00,23.01,0.2,159,47,784,10
30,8,2019-05-17 10:50:00+00:00,23.04,0.2,159,48,779,10
30,8,2019-05-17 10:55:00+00:00,23.08,0.2,159,47,766,10
30,8,2019-05-17 11:00:00+00:00,23.11,0.3,159,47,769,11
30,8,2019-05-17 11:05:00+00:00,23.12,0.3,159,47,773,11
30,8,2019-05-17 11:10:00+00:00,23.15,0.3,159,47,742,11
30,8,2019-05-17 11:15:00+00:00,23.14,0.2,138,46,721,11
30,8,2019-05-17 11:20:00+00:00,23.16,0.3,143,46,720,11
30,8,2019-05-17 11:25:00+00:00,23.17,0.3,148,46,706,11
30,8,2019-05-17 11:30:00+00:00,23.19,0.3,164,46,707,11
30,8,2019-05-17 11:35:00+00:00,23.21,0.3,169,47,704,11
30,8,2019-05-17 11:40:00+00:00,23.21,0.3,164,47,709,11
30,8,2019-05-17 11:45:00+00:00,23.24,0.3,164,46,706,11
30,8,2019-05-17 11:50:00+00:00,23.25,0.3,164,45,708,11
30,8,2019-05-17 11:55:00+00:00,23.27,0.3,164,48,712,11
30,8,2019-05-17 12:00:00+00:00,23.31,0.3,169,52,704,12
30,8,2019-05-17 12:05:00+00:00,23.35,0.3,154,53,693,12
30,8,2019-05-17 12:10:00+00:00,23.35,0.3,164,53,701,12
30,8,2019-05-17 12:15:00+00:00,23.36,0.3,164,50,703,12
30,8,2019-05-17 12:20:00+00:00,23.36,0.3,190,49,695,12
30,8,2019-05-17 12:25:00+00:00,23.36,0.3,200,53,713,12
30,8,2019-05-17 12:30:00+00:00,23.36,0.3,205,51,695,12
30,8,2019-05-17 12:35:00+00:00,23.34,0.3,200,48,691,12
30,8,2019-05-17 12:40:00+00:00,23.34,0.3,195,48,677,12
30,8,2019-05-17 12:45:00+00:00,23.32,0.3,174,48,662,12
30,8,2019-05-17 12:50:00+00:00,23.31,0.3,174,48,654,12
30,8,2019-05-17 12:55:00+00:00,23.32,0.3,169,47,656,12
30,8,2019-05-17 13:00:00+00:00,23.35,0.3,164,49,674,13
30,8,2019-05-17 13:05:00+00:00,23.32,0.3,169,48,662,13
30,8,2019-05-17 13:10:00+00:00,23.3,0.3,164,46,657,13
30,8,2019-05-17 13:15:00+00:00,23.29,0.3,159,46,661,13
30,8,2019-05-17 13:20:00+00:00,23.34,0.3,169,46,656,13
30,8,2019-05-17 13:25:00+00:00,23.32,0.3,164,46,656,13
30,8,2019-05-17 13:30:00+00:00,23.31,0.3,159,47,659,13
30,8,2019-05-17 13:35:00+00:00,23.33,0.3,159,47,656,13
30,8,2019-05-17 13:40:00+00:00,23.37,0.3,159,46,648,13
30,8,2019-05-17 13:45:00+00:00,23.37,0.3,164,45,641,13
30,8,2019-05-17 13:50:00+00:00,23.39,0.3,164,46,630,13
30,8,2019-05-17 13:55:00+00:00,23.36,0.3,159,47,631,13
30,8,2019-05-17 14:00:00+00:00,23.34,0.3,154,47,635,14
30,8,2019-05-17 14:05:00+00:00,23.39,0.3,148,47,637,14
30,8,2019-05-17 14:10:00+00:00,23.36,0.3,148,48,648,14
30,8,2019-05-17 14:15:00+00:00,23.35,0.3,154,46,637,14
30,8,2019-05-17 14:20:00+00:00,23.34,0.3,148,46,625,14
30,8,2019-05-17 14:25:00+00:00,23.34,0.3,154,46,623,14
30,8,2019-05-17 14:30:00+00:00,23.34,0.3,154,48,622,14
30,8,2019-05-17 14:35:00+00:00,23.27,0.3,154,48,635,14
30,8,2019-05-17 14:40:00+00:00,23.26,0.3,154,47,629,14
30,8,2019-05-17 14:45:00+00:00,23.23,0.3,154,47,633,14
30,8,2019-05-17 14:50:00+00:00,23.23,0.3,154,47,630,14
30,8,2019-05-17 14:55:00+00:00,23.22,0.3,148,46,625,14
30,8,2019-05-17 15:00:00+00:00,23.19,0.3,148,46,649,15
30,8,2019-05-17 15:05:00+00:00,23.12,0.2,148,49,657,15
30,8,2019-05-17 15:10:00+00:00,23.07,0.2,133,50,662,15
30,8,2019-05-17 15:15:00+00:00,23.06,0.2,138,50,676,15
30,8,2019-05-17 15:20:00+00:00,23.04,0.2,133,52,690,15
30,8,2019-05-17 15:25:00+00:00,23.06,0.3,133,51,684,15
30,8,2019-05-17 15:30:00+00:00,23.1,0.3,128,49,687,15
30,8,2019-05-17 15:35:00+00:00,23.1,0.3,122,50,692,15
30,8,2019-05-17 15:40:00+00:00,23.07,0.3,122,51,684,15
30,8,2019-05-17 15:45:00+00:00,23.07,0.3,117,50,681,15
30,8,2019-05-17 15:50:00+00:00,23.05,0.3,112,50,685,15
30,8,2019-05-17 15:55:00+00:00,23.06,0.2,107,51,682,15
30,8,2019-05-17 16:00:00+00:00,23.14,0.3,107,50,678,16
30,8,2019-05-17 16:05:00+00:00,23.1,0.3,102,51,687,16
30,8,2019-05-17 16:10:00+00:00,23.11,0.3,91,52,676,16
30,8,2019-05-17 16:15:00+00:00,23.1,0.3,86,52,667,16
30,8,2019-05-17 16:20:00+00:00,23.08,0.3,86,54,651,16
30,8,2019-05-17 16:25:00+00:00,23.09,0.3,76,52,641,16
30,8,2019-05-17 16:30:00+00:00,23.1,0.3,65,49,635,16
30,8,2019-05-17 16:35:00+00:00,23.06,0.2,60,50,622,16
30,8,2019-05-17 16:40:00+00:00,23.04,0.2,55,52,618,16
30,8,2019-05-17 16:45:00+00:00,23.05,0.2,50,51,611,16
30,8,2019-05-17 16:50:00+00:00,23.04,0.2,45,50,608,16
30,8,2019-05-17 16:55:00+00:00,23.02,0.2,40,53,615,16
30,8,2019-05-17 17:00:00+00:00,23.02,0.2,34,51,603,17
30,8,2019-05-17 17:05:00+00:00,23.01,0.2,29,48,594,17
30,8,2019-05-17 17:10:00+00:00,22.98,0.2,29,50,598,17
30,8,2019-05-17 17:15:00+00:00,22.94,0.2,29,51,598,17
30,8,2019-05-17 17:20:00+00:00,22.89,0.2,29,49,596,17
30,8,2019-05-17 17:25:00+00:00,22.9,0.2,29,47,590,17
30,8,2019-05-17 17:30:00+00:00,22.9,0.2,29,46,588,17
30,8,2019-05-17 17:35:00+00:00,22.87,0.2,29,45,589,17
30,8,2019-05-17 17:40:00+00:00,22.83,0.2,29,45,571,17
30,8,2019-05-17 17:45:00+00:00,22.83,0.2,29,45,564,17
30,8,2019-05-17 17:50:00+00:00,22.81,0.2,29,45,550,17
30,8,2019-05-17 17:55:00+00:00,22.78,0.2,29,45,539,17
30,8,2019-05-17 18:00:00+00:00,22.73,0.2,29,45,528,18
30,8,2019-05-17 18:05:00+00:00,22.7,0.1,29,45,522,18
30,8,2019-05-17 18:10:00+00:00,22.67,0.1,29,45,520,18
30,8,2019-05-17 18:15:00+00:00,22.67,0.1,29,45,512,18
30,8,2019-05-17 18:20:00+00:00,22.65,0.1,29,44,507,18
30,8,2019-05-17 18:25:00+00:00,22.64,0.1,29,44,505,18
30,8,2019-05-17 18:30:00+00:00,22.62,0.1,29,45,502,18
30,8,2019-05-17 18:35:00+00:00,22.6,0.1,29,44,500,18
30,8,2019-05-17 18:40:00+00:00,22.57,0.1,29,44,498,18
30,8,2019-05-17 18:45:00+00:00,22.54,0.1,29,44,494,18
30,8,2019-05-17 18:50:00+00:00,22.52,0.1,29,48,489,18
30,8,2019-05-17 18:55:00+00:00,22.5,0.1,29,52,483,18
30,8,2019-05-17 19:00:00+00:00,22.52,0.1,29,48,480,19
30,8,2019-05-17 19:05:00+00:00,22.5,0.1,24,45,473,19
30,8,2019-05-17 19:10:00+00:00,22.5,0.1,19,44,465,19
30,8,2019-05-17 19:15:00+00:00,22.52,0.1,19,44,462,19
30,8,2019-05-17 19:20:00+00:00,22.56,0.1,19,44,463,19
30,8,2019-05-17 19:25:00+00:00,22.6,0.1,0,44,465,19
30,8,2019-05-17 19:30:00+00:00,22.63,0.1,0,44,468,19
30,8,2019-05-17 19:35:00+00:00,22.66,0.2,0,44,470,19
30,8,2019-05-17 19:40:00+00:00,22.67,0.2,0,44,472,19
30,8,2019-05-17 19:45:00+00:00,22.7,0.2,0,44,473,19
30,8,2019-05-17 19:50:00+00:00,22.72,0.2,0,44,472,19
30,8,2019-05-17 19:55:00+00:00,22.73,0.2,0,44,474,19
30,8,2019-05-17 20:00:00+00:00,22.74,0.2,0,44,477,20
30,8,2019-05-17 20:05:00+00:00,22.77,0.2,0,44,479,20
30,8,2019-05-17 20:10:00+00:00,22.78,0.2,0,44,481,20
30,8,2019-05-17 20:15:00+00:00,22.81,0.2,0,44,482,20
30,8,2019-05-17 20:20:00+00:00,22.82,0.2,0,44,483,20
30,8,2019-05-17 20:25:00+00:00,22.82,0.2,0,44,485,20
30,8,2019-05-17 20:30:00+00:00,22.84,0.2,19,44,489,20
30,8,2019-05-17 20:35:00+00:00,22.86,0.2,24,44,494,20
30,8,2019-05-17 20:40:00+00:00,22.87,0.2,24,44,492,20
30,8,2019-05-17 20:45:00+00:00,22.88,0.2,24,45,494,20
30,8,2019-05-17 20:50:00+00:00,22.89,0.2,24,46,494,20
30,8,2019-05-17 20:55:00+00:00,22.9,0.2,24,44,496,20
30,8,2019-05-17 21:00:00+00:00,22.91,0.2,0,44,496,21
30,8,2019-05-17 21:05:00+00:00,22.92,0.2,0,44,498,21
30,8,2019-05-17 21:10:00+00:00,22.93,0.2,0,44,500,21
30,8,2019-05-17 21:15:00+00:00,22.96,0.2,0,44,499,21
30,8,2019-05-17 21:20:00+00:00,22.96,0.2,0,44,500,21
30,8,2019-05-17 21:25:00+00:00,22.97,0.2,0,44,501,21
30,8,2019-05-17 21:30:00+00:00,22.99,0.2,0,44,501,21
30,8,2019-05-17 21:35:00+00:00,22.99,0.2,0,44,500,21
30,8,2019-05-17 21:40:00+00:00,22.99,0.2,0,44,500,21
30,8,2019-05-17 21:45:00+00:00,23.0,0.2,0,44,500,21
30,8,2019-05-17 21:50:00+00:00,23.01,0.2,0,44,502,21
30,8,2019-05-17 21:55:00+00:00,23.02,0.2,0,44,500,21
30,8,2019-05-17 22:00:00+00:00,23.02,0.2,0,45,502,22
30,8,2019-05-17 22:05:00+00:00,23.02,0.2,0,45,502,22
30,8,2019-05-17 22:10:00+00:00,23.03,0.2,0,44,503,22
30,8,2019-05-17 22:15:00+00:00,23.04,0.2,0,44,509,22
30,8,2019-05-17 22:20:00+00:00,23.04,0.2,0,44,509,22
30,8,2019-05-17 22:25:00+00:00,23.04,0.2,0,44,507,22
30,8,2019-05-17 22:30:00+00:00,23.06,0.2,0,44,506,22
30,8,2019-05-17 22:35:00+00:00,23.06,0.2,0,44,505,22
30,8,2019-05-17 22:40:00+00:00,23.06,0.2,0,44,504,22
30,8,2019-05-17 22:45:00+00:00,23.06,0.2,0,44,503,22
30,8,2019-05-17 22:50:00+00:00,23.06,0.2,0,44,503,22
30,8,2019-05-17 22:55:00+00:00,23.06,0.2,0,44,502,22
30,8,2019-05-17 23:00:00+00:00,23.07,0.2,0,44,503,23
30,8,2019-05-17 23:05:00+00:00,23.08,0.2,0,44,502,23
30,8,2019-05-17 23:10:00+00:00,23.09,0.2,0,44,501,23
30,8,2019-05-17 23:15:00+00:00,23.09,0.2,0,44,499,23
30,8,2019-05-17 23:20:00+00:00,23.1,0.2,0,44,500,23
30,8,2019-05-17 23:25:00+00:00,23.09,0.2,0,44,499,23
30,8,2019-05-17 23:30:00+00:00,23.1,0.2,0,44,497,23
30,8,2019-05-17 23:35:00+00:00,23.09,0.2,0,44,497,23
30,8,2019-05-17 23:40:00+00:00,23.09,0.2,0,44,496,23
30,8,2019-05-17 23:45:00+00:00,23.1,0.3,0,44,497,23
30,8,2019-05-17 23:50:00+00:00,23.09,0.3,0,44,497,23
30,8,2019-05-17 23:55:00+00:00,23.09,0.2,0,44,501,23
30,8,2019-05-18 00:00:00+00:00,23.09,0.2,0,44,504,0
30,8,2019-05-18 00:05:00+00:00,23.09,0.2,0,44,505,0
30,8,2019-05-18 00:10:00+00:00,23.09,0.2,0,44,501,0
30,8,2019-05-18 00:15:00+00:00,23.07,0.2,0,44,501,0
30,8,2019-05-18 00:20:00+00:00,23.07,0.2,0,44,500,0
30,8,2019-05-18 00:25:00+00:00,23.08,0.2,0,44,499,0
30,8,2019-05-18 00:30:00+00:00,23.08,0.2,0,44,498,0
30,8,2019-05-18 00:35:00+00:00,23.07,0.2,0,44,499,0
30,8,2019-05-18 00:40:00+00:00,23.07,0.2,0,44,498,0
30,8,2019-05-18 00:45:00+00:00,23.07,0.2,0,44,497,0
30,8,2019-05-18 00:50:00+00:00,23.08,0.2,0,44,497,0
30,8,2019-05-18 00:55:00+00:00,23.08,0.2,0,44,497,0
30,8,2019-05-18 01:00:00+00:00,23.07,0.2,0,44,496,1
30,8,2019-05-18 01:05:00+00:00,23.07,0.2,0,44,495,1
30,8,2019-05-18 01:10:00+00:00,23.07,0.2,0,44,496,1
30,8,2019-05-18 01:15:00+00:00,23.07,0.2,0,44,495,1
30,8,2019-05-18 01:20:00+00:00,23.07,0.2,0,44,495,1
30,8,2019-05-18 01:25:00+00:00,23.07,0.2,0,44,495,1
30,8,2019-05-18 01:25:00+00:00,23.07,0.2,0,44,495,1
30,8,2019-05-18 01:30:00+00:00,23.07,0.2,0,44,496,1
30,8,2019-05-18 01:35:00+00:00,23.08,0.2,0,44,495,1
30,8,2019-05-18 01:40:00+00:00,23.08,0.2,0,44,495,1
30,8,2019-05-18 01:45:00+00:00,23.08,0.2,0,44,493,1
30,8,2019-05-18 01:50:00+00:00,23.09,0.2,0,44,489,1
30,8,2019-05-18 01:55:00+00:00,23.08,0.2,0,44,493,1
30,8,2019-05-18 02:00:00+00:00,23.07,0.2,0,44,492,2
30,8,2019-05-18 02:05:00+00:00,23.07,0.2,0,44,492,2
30,8,2019-05-18 02:10:00+00:00,23.07,0.2,0,44,492,2
30,8,2019-05-18 02:15:00+00:00,23.06,0.2,0,44,491,2
30,8,2019-05-18 02:20:00+00:00,23.06,0.2,0,44,490,2
30,8,2019-05-18 02:25:00+00:00,23.05,0.2,0,44,490,2
30,8,2019-05-18 02:30:00+00:00,23.07,0.2,0,44,490,2
30,8,2019-05-18 02:35:00+00:00,23.05,0.2,0,44,490,2
30,8,2019-05-18 02:40:00+00:00,23.04,0.2,0,44,489,2
30,8,2019-05-18 02:45:00+00:00,23.06,0.2,0,44,488,2
30,8,2019-05-18 02:50:00+00:00,23.04,0.2,0,44,489,2
30,8,2019-05-18 02:55:00+00:00,23.04,0.2,0,44,488,2
30,8,2019-05-18 03:00:00+00:00,23.04,0.2,0,44,488,3
30,8,2019-05-18 03:05:00+00:00,23.03,0.2,0,44,487,3
30,8,2019-05-18 03:10:00+00:00,23.03,0.2,0,44,487,3
30,8,2019-05-18 03:15:00+00:00,23.02,0.2,0,44,486,3
30,8,2019-05-18 03:20:00+00:00,23.01,0.2,0,44,485,3
30,8,2019-05-18 03:25:00+00:00,23.01,0.2,0,44,484,3
30,8,2019-05-18 03:30:00+00:00,23.01,0.2,0,44,485,3
30,8,2019-05-18 03:35:00+00:00,22.99,0.2,0,44,485,3
30,8,2019-05-18 03:40:00+00:00,22.99,0.2,0,44,484,3
30,8,2019-05-18 03:45:00+00:00,22.99,0.2,0,44,485,3
30,8,2019-05-18 03:50:00+00:00,23.0,0.2,0,44,485,3
30,8,2019-05-18 03:55:00+00:00,22.98,0.2,0,44,485,3
30,8,2019-05-18 04:00:00+00:00,22.97,0.2,0,44,485,4
30,8,2019-05-18 04:05:00+00:00,22.96,0.2,0,44,484,4
30,8,2019-05-18 04:10:00+00:00,22.95,0.2,0,44,484,4
30,8,2019-05-18 04:15:00+00:00,22.96,0.2,0,44,485,4
30,8,2019-05-18 04:20:00+00:00,22.94,0.2,0,44,485,4
30,8,2019-05-18 04:25:00+00:00,22.94,0.2,0,44,483,4
30,8,2019-05-18 04:30:00+00:00,22.94,0.2,0,44,483,4
30,8,2019-05-18 04:35:00+00:00,22.94,0.2,0,44,483,4
30,8,2019-05-18 04:40:00+00:00,22.92,0.2,0,44,482,4
30,8,2019-05-18 04:45:00+00:00,22.91,0.2,0,44,483,4
30,8,2019-05-18 04:50:00+00:00,22.91,0.2,0,44,482,4
30,8,2019-05-18 04:55:00+00:00,22.91,0.2,0,44,480,4
30,8,2019-05-18 05:00:00+00:00,22.9,0.2,0,44,482,5
30,8,2019-05-18 05:05:00+00:00,22.9,0.2,0,44,482,5
30,8,2019-05-18 05:10:00+00:00,22.89,0.2,0,44,481,5
30,8,2019-05-18 05:15:00+00:00,22.89,0.2,0,44,481,5
30,8,2019-05-18 05:20:00+00:00,22.88,0.2,0,44,481,5
30,8,2019-05-18 05:25:00+00:00,22.87,0.2,0,44,482,5
30,8,2019-05-18 05:30:00+00:00,22.86,0.2,0,44,481,5
30,8,2019-05-18 05:35:00+00:00,22.86,0.2,0,44,480,5
30,8,2019-05-18 05:40:00+00:00,22.85,0.2,0,44,480,5
30,8,2019-05-18 05:45:00+00:00,22.84,0.2,0,44,480,5
30,8,2019-05-18 05:50:00+00:00,22.84,0.2,0,44,481,5
30,8,2019-05-18 05:55:00+00:00,22.83,0.2,0,44,480,5
30,8,2019-05-18 06:00:00+00:00,22.83,0.2,0,44,480,6
30,8,2019-05-18 06:05:00+00:00,22.82,0.2,0,44,480,6
30,8,2019-05-18 06:10:00+00:00,22.82,0.2,0,44,480,6
30,8,2019-05-18 06:15:00+00:00,22.82,0.2,0,44,480,6
30,8,2019-05-18 06:20:00+00:00,22.8,0.2,0,44,478,6
30,8,2019-05-18 06:25:00+00:00,22.8,0.2,0,44,480,6
30,8,2019-05-18 06:30:00+00:00,22.8,0.2,0,44,479,6
30,8,2019-05-18 06:35:00+00:00,22.79,0.2,0,44,480,6
30,8,2019-05-18 06:40:00+00:00,22.8,0.2,0,44,479,6
30,8,2019-05-18 06:45:00+00:00,22.8,0.2,0,44,479,6
30,8,2019-05-18 06:50:00+00:00,22.79,0.2,0,44,479,6
30,8,2019-05-18 06:55:00+00:00,22.78,0.2,0,44,479,6
30,8,2019-05-18 07:00:00+00:00,22.78,0.2,0,44,480,7
30,8,2019-05-18 07:05:00+00:00,22.77,0.2,0,44,476,7
30,8,2019-05-18 07:10:00+00:00,22.78,0.2,3,44,477,7
30,8,2019-05-18 07:15:00+00:00,22.78,0.2,14,44,478,7
30,8,2019-05-18 07:20:00+00:00,22.79,0.2,40,44,478,7
30,8,2019-05-18 07:25:00+00:00,22.78,0.2,34,44,479,7
30,8,2019-05-18 07:30:00+00:00,22.78,0.2,34,44,478,7
30,8,2019-05-18 07:35:00+00:00,22.78,0.2,45,44,478,7
30,8,2019-05-18 07:40:00+00:00,22.78,0.2,50,44,478,7
30,8,2019-05-18 07:45:00+00:00,22.8,0.2,55,44,477,7
30,8,2019-05-18 07:50:00+00:00,22.79,0.2,60,44,478,7
30,8,2019-05-18 07:55:00+00:00,22.79,0.2,71,44,478,7
30,8,2019-05-18 08:00:00+00:00,22.8,0.2,65,44,478,8
30,8,2019-05-18 08:05:00+00:00,22.82,0.2,29,44,478,8
30,8,2019-05-18 08:10:00+00:00,22.83,0.2,34,44,477,8
30,8,2019-05-18 08:15:00+00:00,22.82,0.2,40,44,478,8
30,8,2019-05-18 08:20:00+00:00,22.82,0.2,40,44,477,8
30,8,2019-05-18 08:25:00+00:00,22.83,0.2,45,44,478,8
30,8,2019-05-18 08:30:00+00:00,22.84,0.2,45,44,477,8
30,8,2019-05-18 08:35:00+00:00,22.85,0.2,50,44,478,8
30,8,2019-05-18 08:40:00+00:00,22.86,0.2,50,44,478,8
30,8,2019-05-18 08:45:00+00:00,22.87,0.2,55,44,478,8
30,8,2019-05-18 08:50:00+00:00,22.88,0.2,55,44,477,8
30,8,2019-05-18 08:55:00+00:00,22.89,0.2,55,44,478,8
30,8,2019-05-18 09:00:00+00:00,22.89,0.2,60,44,477,9
30,8,2019-05-18 09:05:00+00:00,22.91,0.2,60,44,477,9
30,8,2019-05-18 09:10:00+00:00,22.91,0.2,65,44,476,9
30,8,2019-05-18 09:15:00+00:00,22.92,0.2,71,44,474,9
30,8,2019-05-18 09:20:00+00:00,22.95,0.2,112,44,474,9
30,8,2019-05-18 09:25:00+00:00,22.97,0.2,112,44,475,9
30,8,2019-05-18 09:30:00+00:00,22.99,0.2,112,44,475,9
30,8,2019-05-18 09:35:00+00:00,23.01,0.2,117,44,474,9
30,8,2019-05-18 09:40:00+00:00,23.03,0.2,117,44,475,9
30,8,2019-05-18 09:45:00+00:00,23.06,0.2,117,44,476,9
30,8,2019-05-18 09:50:00+00:00,23.06,0.2,117,44,475,9
30,8,2019-05-18 09:55:00+00:00,23.07,0.2,117,44,474,9
30,8,2019-05-18 10:00:00+00:00,23.09,0.3,117,44,475,10
30,8,2019-05-18 10:05:00+00:00,23.11,0.3,117,44,474,10
30,8,2019-05-18 10:10:00+00:00,23.13,0.3,117,44,475,10
30,8,2019-05-18 10:15:00+00:00,23.15,0.3,117,44,474,10
30,8,2019-05-18 10:20:00+00:00,23.15,0.3,112,44,476,10
30,8,2019-05-18 10:25:00+00:00,23.17,0.3,112,44,477,10
30,8,2019-05-18 10:30:00+00:00,23.19,0.3,112,44,474,10
30,8,2019-05-18 10:35:00+00:00,23.21,0.3,112,44,474,10
30,8,2019-05-18 10:40:00+00:00,23.25,0.3,112,44,475,10
30,8,2019-05-18 10:45:00+00:00,23.25,0.3,112,44,474,10
30,8,2019-05-18 10:50:00+00:00,23.27,0.3,112,44,475,10
30,8,2019-05-18 10:55:00+00:00,23.29,0.3,112,44,475,10
30,8,2019-05-18 11:00:00+00:00,23.31,0.3,112,44,475,11
30,8,2019-05-18 11:05:00+00:00,23.32,0.3,112,44,475,11
30,8,2019-05-18 11:10:00+00:00,23.35,0.3,117,44,474,11
30,8,2019-05-18 11:15:00+00:00,23.38,0.3,117,44,474,11
30,8,2019-05-18 11:20:00+00:00,23.38,0.3,117,44,474,11
30,8,2019-05-18 11:25:00+00:00,23.41,0.3,117,44,473,11
30,8,2019-05-18 11:30:00+00:00,23.43,0.3,117,44,473,11
30,8,2019-05-18 11:35:00+00:00,23.43,0.3,117,44,473,11
30,8,2019-05-18 11:40:00+00:00,23.45,0.3,107,44,473,11
30,8,2019-05-18 11:45:00+00:00,23.47,0.3,128,44,474,11
30,8,2019-05-18 11:50:00+00:00,23.48,0.3,86,44,474,11
30,8,2019-05-18 11:55:00+00:00,23.5,0.3,81,44,473,11
30,8,2019-05-18 12:00:00+00:00,23.5,0.3,71,44,473,12
30,8,2019-05-18 12:05:00+00:00,23.52,0.3,71,44,473,12
30,8,2019-05-18 12:10:00+00:00,23.52,0.4,86,44,474,12
30,8,2019-05-18 12:15:00+00:00,23.53,0.4,112,44,473,12
30,8,2019-05-18 12:20:00+00:00,23.54,0.4,86,44,473,12
30,8,2019-05-18 12:25:00+00:00,23.56,0.4,60,44,473,12
30,8,2019-05-18 12:30:00+00:00,23.57,0.4,76,44,472,12
30,8,2019-05-18 12:35:00+00:00,23.58,0.4,65,44,471,12
30,8,2019-05-18 12:40:00+00:00,23.59,0.4,71,44,472,12
30,8,2019-05-18 12:45:00+00:00,23.61,0.4,50,44,471,12
30,8,2019-05-18 12:50:00+00:00,23.62,0.4,50,44,470,12
30,8,2019-05-18 12:55:00+00:00,23.65,0.4,71,44,470,12
30,8,2019-05-18 13:00:00+00:00,23.65,0.4,102,44,471,13
30,8,2019-05-18 13:05:00+00:00,23.68,0.4,107,44,472,13
30,8,2019-05-18 13:10:00+00:00,23.69,0.4,112,44,472,13
30,8,2019-05-18 13:15:00+00:00,23.7,0.4,102,44,472,13
30,8,2019-05-18 13:20:00+00:00,23.72,0.4,117,44,471,13
30,8,2019-05-18 13:25:00+00:00,23.74,0.4,112,44,471,13
30,8,2019-05-18 13:30:00+00:00,23.76,0.4,107,44,471,13
30,8,2019-05-18 13:35:00+00:00,23.78,0.4,102,44,470,13
30,8,2019-05-18 13:40:00+00:00,23.79,0.4,76,44,470,13
30,8,2019-05-18 13:45:00+00:00,23.8,0.4,50,44,471,13
30,8,2019-05-18 13:50:00+00:00,23.83,0.4,55,44,471,13
30,8,2019-05-18 13:55:00+00:00,23.85,0.4,60,44,472,13
30,8,2019-05-18 14:00:00+00:00,23.85,0.4,97,44,470,14
30,8,2019-05-18 14:05:00+00:00,23.85,0.4,164,45,472,14
30,8,2019-05-18 14:10:00+00:00,23.87,0.4,159,44,471,14
30,8,2019-05-18 14:15:00+00:00,23.89,0.4,122,44,471,14
30,8,2019-05-18 14:20:00+00:00,23.91,0.4,112,44,471,14
30,8,2019-05-18 14:25:00+00:00,23.92,0.4,148,44,470,14
30,8,2019-05-18 14:30:00+00:00,23.93,0.5,154,44,471,14
30,8,2019-05-18 14:35:00+00:00,23.95,0.5,133,44,470,14
30,8,2019-05-18 14:40:00+00:00,23.96,0.5,86,44,470,14
30,8,2019-05-18 14:45:00+00:00,23.97,0.5,76,44,470,14
30,8,2019-05-18 14:50:00+00:00,23.99,0.5,65,44,471,14
30,8,2019-05-18 14:55:00+00:00,24.03,0.5,60,44,471,14
30,8,2019-05-18 15:00:00+00:00,24.03,0.5,71,44,472,15
30,8,2019-05-18 15:05:00+00:00,24.04,0.5,76,44,471,15
30,8,2019-05-18 15:10:00+00:00,24.06,0.5,81,44,471,15
30,8,2019-05-18 15:15:00+00:00,24.07,0.5,76,44,470,15
30,8,2019-05-18 15:20:00+00:00,24.09,0.5,71,44,470,15
30,8,2019-05-18 15:25:00+00:00,24.09,0.5,60,44,470,15
30,8,2019-05-18 15:30:00+00:00,24.1,0.5,55,44,469,15
30,8,2019-05-18 15:35:00+00:00,24.11,0.5,60,44,468,15
30,8,2019-05-18 15:40:00+00:00,24.13,0.5,55,44,469,15
30,8,2019-05-18 15:45:00+00:00,24.14,0.5,50,44,469,15
30,8,2019-05-18 15:50:00+00:00,24.14,0.5,45,44,468,15
30,8,2019-05-18 15:55:00+00:00,24.15,0.5,40,44,468,15
30,8,2019-05-18 16:00:00+00:00,24.17,0.5,34,44,468,16
30,8,2019-05-18 16:05:00+00:00,24.17,0.5,29,44,467,16
30,8,2019-05-18 16:10:00+00:00,24.19,0.5,29,44,468,16
30,8,2019-05-18 16:15:00+00:00,24.2,0.5,19,44,467,16
30,8,2019-05-18 16:20:00+00:00,24.19,0.5,8,44,467,16
30,8,2019-05-18 16:25:00+00:00,24.21,0.5,8,44,467,16
30,8,2019-05-18 16:30:00+00:00,24.22,0.5,0,44,468,16
30,8,2019-05-18 16:35:00+00:00,24.23,0.5,0,44,467,16
30,8,2019-05-18 16:40:00+00:00,24.23,0.5,0,44,465,16
30,8,2019-05-18 16:45:00+00:00,24.25,0.5,0,44,466,16
30,8,2019-05-18 16:50:00+00:00,24.24,0.5,0,44,465,16
30,8,2019-05-18 16:55:00+00:00,24.25,0.5,0,44,465,16
30,8,2019-05-18 17:00:00+00:00,24.26,0.5,0,44,465,17
30,8,2019-05-18 17:05:00+00:00,24.25,0.5,0,44,465,17
30,8,2019-05-18 17:10:00+00:00,24.25,0.5,0,44,464,17
30,8,2019-05-18 17:15:00+00:00,24.26,0.5,0,44,465,17
30,8,2019-05-18 17:20:00+00:00,24.25,0.5,0,44,465,17
30,8,2019-05-18 17:25:00+00:00,24.26,0.5,0,44,465,17
30,8,2019-05-18 17:30:00+00:00,24.26,0.5,0,44,465,17
30,8,2019-05-18 17:35:00+00:00,24.26,0.5,0,44,464,17
30,8,2019-05-18 17:40:00+00:00,24.26,0.5,0,44,465,17
30,8,2019-05-18 17:45:00+00:00,24.26,0.5,0,44,465,17
30,8,2019-05-18 17:50:00+00:00,24.26,0.5,0,44,465,17
30,8,2019-05-18 17:55:00+00:00,24.26,0.5,0,44,465,17
30,8,2019-05-18 18:00:00+00:00,24.26,0.5,0,44,466,18
30,8,2019-05-18 18:05:00+00:00,24.26,0.5,0,44,464,18
30,8,2019-05-18 18:10:00+00:00,24.26,0.5,0,44,464,18
30,8,2019-05-18 18:15:00+00:00,24.26,0.5,0,44,464,18
30,8,2019-05-18 18:20:00+00:00,24.25,0.5,0,44,464,18
30,8,2019-05-18 18:25:00+00:00,24.26,0.5,0,44,464,18
30,8,2019-05-18 18:30:00+00:00,24.24,0.5,0,44,463,18
30,8,2019-05-18 18:35:00+00:00,24.25,0.5,0,44,464,18
30,8,2019-05-18 18:40:00+00:00,24.26,0.5,0,44,462,18
30,8,2019-05-18 18:45:00+00:00,24.26,0.5,0,44,463,18
30,8,2019-05-18 18:50:00+00:00,24.24,0.5,0,44,463,18
30,8,2019-05-18 18:55:00+00:00,24.23,0.5,0,44,463,18
30,8,2019-05-18 19:00:00+00:00,24.23,0.5,0,44,463,19
30,8,2019-05-18 19:05:00+00:00,24.22,0.5,0,44,462,19
30,8,2019-05-18 19:10:00+00:00,24.2,0.5,0,44,463,19
30,8,2019-05-18 19:15:00+00:00,24.2,0.5,0,44,461,19
30,8,2019-05-18 19:20:00+00:00,24.19,0.5,0,44,461,19
30,8,2019-05-18 19:25:00+00:00,24.18,0.5,0,44,460,19
30,8,2019-05-18 19:30:00+00:00,24.19,0.5,0,44,461,19
30,8,2019-05-18 19:35:00+00:00,24.19,0.5,0,44,461,19
30,8,2019-05-18 19:40:00+00:00,24.18,0.5,0,44,460,19
30,8,2019-05-18 19:45:00+00:00,24.2,0.5,0,44,461,19
30,8,2019-05-18 19:50:00+00:00,24.16,0.5,0,44,460,19
30,8,2019-05-18 19:55:00+00:00,24.16,0.5,0,44,459,19
30,8,2019-05-18 20:00:00+00:00,24.14,0.5,0,44,458,20
30,8,2019-05-18 20:05:00+00:00,24.14,0.5,0,44,457,20
30,8,2019-05-18 20:10:00+00:00,24.13,0.5,0,44,459,20
30,8,2019-05-18 20:15:00+00:00,24.12,0.5,0,44,458,20
30,8,2019-05-18 20:20:00+00:00,24.12,0.5,0,44,459,20
30,8,2019-05-18 20:25:00+00:00,24.12,0.5,0,44,458,20
30,8,2019-05-18 20:30:00+00:00,24.1,0.5,0,44,458,20
30,8,2019-05-18 20:35:00+00:00,24.1,0.5,0,44,458,20
30,8,2019-05-18 20:40:00+00:00,24.09,0.5,0,44,458,20
30,8,2019-05-18 20:45:00+00:00,24.08,0.5,0,44,458,20
30,8,2019-05-18 20:50:00+00:00,24.08,0.5,0,44,457,20
30,8,2019-05-18 20:55:00+00:00,24.05,0.5,0,44,458,20
30,8,2019-05-18 21:00:00+00:00,24.05,0.5,0,44,456,21
30,8,2019-05-18 21:05:00+00:00,24.05,0.5,0,44,456,21
30,8,2019-05-18 21:10:00+00:00,24.03,0.5,0,44,457,21
30,8,2019-05-18 21:15:00+00:00,24.03,0.5,0,44,458,21
30,8,2019-05-18 21:20:00+00:00,24.02,0.5,0,44,457,21
30,8,2019-05-18 21:25:00+00:00,24.02,0.5,0,44,457,21
30,8,2019-05-18 21:30:00+00:00,24.01,0.4,0,44,459,21
30,8,2019-05-18 21:35:00+00:00,24.0,0.4,0,44,459,21
30,8,2019-05-18 21:40:00+00:00,24.0,0.4,0,44,457,21
30,8,2019-05-18 21:45:00+00:00,23.99,0.4,0,44,458,21
30,8,2019-05-18 21:50:00+00:00,23.99,0.4,0,44,459,21
30,8,2019-05-18 21:55:00+00:00,23.97,0.4,0,44,457,21
30,8,2019-05-18 22:00:00+00:00,23.96,0.4,0,44,457,22
30,8,2019-05-18 22:05:00+00:00,23.96,0.4,0,44,458,22
30,8,2019-05-18 22:10:00+00:00,23.94,0.4,0,44,458,22
30,8,2019-05-18 22:15:00+00:00,23.93,0.4,0,44,458,22
30,8,2019-05-18 22:20:00+00:00,23.92,0.4,0,44,457,22
30,8,2019-05-18 22:25:00+00:00,23.91,0.4,0,44,457,22
30,8,2019-05-18 22:30:00+00:00,23.9,0.4,0,44,457,22
30,8,2019-05-18 22:35:00+00:00,23.9,0.4,0,44,457,22
30,8,2019-05-18 22:40:00+00:00,23.88,0.4,0,44,457,22
30,8,2019-05-18 22:45:00+00:00,23.87,0.4,0,44,457,22
30,8,2019-05-18 22:50:00+00:00,23.86,0.4,0,44,455,22
30,8,2019-05-18 22:55:00+00:00,23.87,0.4,0,44,455,22
30,8,2019-05-18 23:00:00+00:00,23.84,0.4,0,44,456,23
30,8,2019-05-18 23:05:00+00:00,23.83,0.4,0,44,457,23
30,8,2019-05-18 23:10:00+00:00,23.82,0.4,0,44,457,23
30,8,2019-05-18 23:15:00+00:00,23.81,0.4,0,44,457,23
30,8,2019-05-18 23:20:00+00:00,23.8,0.4,0,44,456,23
30,8,2019-05-18 23:25:00+00:00,23.8,0.4,0,44,455,23
30,8,2019-05-18 23:30:00+00:00,23.79,0.4,0,44,455,23
30,8,2019-05-18 23:35:00+00:00,23.77,0.4,0,44,455,23
30,8,2019-05-18 23:40:00+00:00,23.77,0.4,0,44,454,23
30,8,2019-05-18 23:45:00+00:00,23.76,0.4,0,44,456,23
30,8,2019-05-18 23:50:00+00:00,23.74,0.4,0,44,454,23
30,8,2019-05-18 23:55:00+00:00,23.73,0.4,0,44,455,23
30,8,2019-05-19 00:00:00+00:00,23.73,0.4,0,44,455,0
30,8,2019-05-19 00:05:00+00:00,23.72,0.4,0,44,456,0
30,8,2019-05-19 00:10:00+00:00,23.72,0.4,0,44,456,0
30,8,2019-05-19 00:15:00+00:00,23.71,0.4,0,44,456,0
30,8,2019-05-19 00:20:00+00:00,23.7,0.4,0,44,456,0
30,8,2019-05-19 00:25:00+00:00,23.7,0.4,0,43,455,0
30,8,2019-05-19 00:30:00+00:00,23.68,0.4,0,44,455,0
30,8,2019-05-19 00:35:00+00:00,23.68,0.4,0,44,456,0
30,8,2019-05-19 00:40:00+00:00,23.68,0.4,0,44,456,0
30,8,2019-05-19 00:45:00+00:00,23.67,0.4,0,44,455,0
30,8,2019-05-19 00:50:00+00:00,23.66,0.4,0,44,454,0
30,8,2019-05-19 00:55:00+00:00,23.66,0.4,0,44,455,0
30,8,2019-05-19 01:00:00+00:00,23.66,0.4,0,44,455,1
30,8,2019-05-19 01:05:00+00:00,23.65,0.4,0,44,454,1
30,8,2019-05-19 01:10:00+00:00,23.64,0.4,0,44,454,1
30,8,2019-05-19 01:15:00+00:00,23.62,0.4,0,44,454,1
30,8,2019-05-19 01:20:00+00:00,23.63,0.4,0,44,454,1
30,8,2019-05-19 01:25:00+00:00,23.61,0.4,0,44,456,1
30,8,2019-05-19 01:30:00+00:00,23.61,0.4,0,44,455,1
30,8,2019-05-19 01:35:00+00:00,23.6,0.4,0,44,454,1
30,8,2019-05-19 01:40:00+00:00,23.6,0.4,0,44,454,1
30,8,2019-05-19 01:45:00+00:00,23.59,0.3,0,44,453,1
30,8,2019-05-19 01:50:00+00:00,23.59,0.4,0,44,453,1
30,8,2019-05-19 01:55:00+00:00,23.59,0.3,0,44,453,1
30,8,2019-05-19 02:00:00+00:00,23.59,0.3,0,44,453,2
30,8,2019-05-19 02:05:00+00:00,23.58,0.3,0,44,453,2
30,8,2019-05-19 02:10:00+00:00,23.58,0.3,0,44,453,2
30,8,2019-05-19 02:15:00+00:00,23.56,0.3,0,44,453,2
30,8,2019-05-19 02:20:00+00:00,23.56,0.3,0,44,454,2
30,8,2019-05-19 02:25:00+00:00,23.55,0.3,0,44,453,2
30,8,2019-05-19 02:30:00+00:00,23.55,0.3,0,44,453,2
30,8,2019-05-19 02:35:00+00:00,23.56,0.3,0,44,454,2
30,8,2019-05-19 02:40:00+00:00,23.56,0.3,0,44,454,2
30,8,2019-05-19 02:45:00+00:00,23.56,0.3,0,44,453,2
30,8,2019-05-19 02:50:00+00:00,23.57,0.3,0,44,452,2
30,8,2019-05-19 02:55:00+00:00,23.58,0.3,0,44,452,2
30,8,2019-05-19 03:00:00+00:00,23.55,0.3,0,44,451,3
30,8,2019-05-19 03:05:00+00:00,23.55,0.3,0,44,452,3
30,8,2019-05-19 03:10:00+00:00,23.54,0.3,0,44,453,3
30,8,2019-05-19 03:15:00+00:00,23.54,0.3,0,44,453,3
30,8,2019-05-19 03:20:00+00:00,23.54,0.3,0,44,452,3
30,8,2019-05-19 03:25:00+00:00,23.54,0.3,0,44,452,3
30,8,2019-05-19 03:30:00+00:00,23.53,0.3,0,44,452,3
30,8,2019-05-19 03:35:00+00:00,23.53,0.3,0,44,452,3
30,8,2019-05-19 03:40:00+00:00,23.54,0.3,0,44,452,3
30,8,2019-05-19 03:45:00+00:00,23.52,0.3,0,44,452,3
30,8,2019-05-19 03:50:00+00:00,23.52,0.3,0,44,452,3
30,8,2019-05-19 03:55:00+00:00,23.51,0.3,0,44,452,3
30,8,2019-05-19 04:00:00+00:00,23.53,0.3,0,44,451,4
30,8,2019-05-19 04:05:00+00:00,23.5,0.3,0,44,451,4
30,8,2019-05-19 04:10:00+00:00,23.5,0.3,0,44,451,4
30,8,2019-05-19 04:15:00+00:00,23.5,0.3,0,44,450,4
30,8,2019-05-19 04:20:00+00:00,23.49,0.3,0,44,451,4
30,8,2019-05-19 04:25:00+00:00,23.48,0.3,0,44,451,4
30,8,2019-05-19 04:30:00+00:00,23.48,0.3,0,44,450,4
30,8,2019-05-19 04:35:00+00:00,23.47,0.3,0,44,451,4
30,8,2019-05-19 04:40:00+00:00,23.46,0.3,0,44,450,4
30,8,2019-05-19 04:45:00+00:00,23.47,0.3,0,44,451,4
30,8,2019-05-19 04:50:00+00:00,23.47,0.3,0,44,449,4
30,8,2019-05-19 04:55:00+00:00,23.45,0.3,0,44,450,4
30,8,2019-05-19 05:00:00+00:00,23.45,0.3,0,44,450,5
30,8,2019-05-19 05:05:00+00:00,23.45,0.3,0,44,450,5
30,8,2019-05-19 05:10:00+00:00,23.45,0.3,0,44,450,5
30,8,2019-05-19 05:15:00+00:00,23.46,0.3,0,44,450,5
30,8,2019-05-19 05:20:00+00:00,23.45,0.3,0,44,449,5
30,8,2019-05-19 05:25:00+00:00,23.45,0.3,0,44,448,5
30,8,2019-05-19 05:30:00+00:00,23.44,0.3,0,44,450,5
30,8,2019-05-19 05:30:00+00:00,23.44,0.3,0,44,450,5
30,8,2019-05-19 05:35:00+00:00,23.44,0.3,0,44,450,5
30,8,2019-05-19 05:40:00+00:00,23.44,0.3,0,44,448,5
30,8,2019-05-19 05:45:00+00:00,23.44,0.3,0,44,448,5
30,8,2019-05-19 05:50:00+00:00,23.43,0.3,0,44,450,5
30,8,2019-05-19 05:55:00+00:00,23.43,0.3,0,44,449,5
30,8,2019-05-19 06:00:00+00:00,23.44,0.3,0,44,449,6
30,8,2019-05-19 06:05:00+00:00,23.42,0.3,0,44,449,6
30,8,2019-05-19 06:10:00+00:00,23.42,0.3,0,44,448,6
30,8,2019-05-19 06:15:00+00:00,23.43,0.3,0,44,448,6
30,8,2019-05-19 06:20:00+00:00,23.42,0.3,0,44,448,6
30,8,2019-05-19 06:25:00+00:00,23.41,0.3,0,44,448,6
30,8,2019-05-19 06:30:00+00:00,23.42,0.3,0,44,448,6
30,8,2019-05-19 06:35:00+00:00,23.41,0.3,0,44,448,6
30,8,2019-05-19 06:40:00+00:00,23.41,0.3,0,44,449,6
30,8,2019-05-19 06:45:00+00:00,23.41,0.3,0,44,447,6
30,8,2019-05-19 06:50:00+00:00,23.4,0.3,0,44,449,6
30,8,2019-05-19 06:55:00+00:00,23.4,0.3,0,44,449,6
30,8,2019-05-19 07:00:00+00:00,23.4,0.3,0,44,449,7
30,8,2019-05-19 07:05:00+00:00,23.39,0.3,0,44,450,7
30,8,2019-05-19 07:10:00+00:00,23.38,0.3,0,44,449,7
30,8,2019-05-19 07:15:00+00:00,23.39,0.3,8,44,449,7
30,8,2019-05-19 07:20:00+00:00,23.39,0.3,29,44,449,7
30,8,2019-05-19 07:25:00+00:00,23.38,0.3,29,44,451,7
30,8,2019-05-19 07:30:00+00:00,23.38,0.3,29,44,449,7
30,8,2019-05-19 07:35:00+00:00,23.37,0.3,34,44,448,7
30,8,2019-05-19 07:40:00+00:00,23.37,0.3,45,44,447,7
30,8,2019-05-19 07:45:00+00:00,23.38,0.3,50,44,447,7
30,8,2019-05-19 07:50:00+00:00,23.39,0.3,60,44,448,7
30,8,2019-05-19 07:55:00+00:00,23.38,0.3,65,44,445,7
30,8,2019-05-19 08:00:00+00:00,23.39,0.3,60,44,447,8
30,8,2019-05-19 08:05:00+00:00,23.38,0.3,34,44,448,8
30,8,2019-05-19 08:10:00+00:00,23.39,0.3,34,44,446,8
30,8,2019-05-19 08:15:00+00:00,23.39,0.3,40,44,445,8
30,8,2019-05-19 08:20:00+00:00,23.39,0.3,40,44,446,8
30,8,2019-05-19 08:25:00+00:00,23.39,0.3,40,44,446,8
30,8,2019-05-19 08:30:00+00:00,23.4,0.3,45,44,447,8
30,8,2019-05-19 08:35:00+00:00,23.4,0.3,45,44,446,8
30,8,2019-05-19 08:40:00+00:00,23.41,0.3,40,43,446,8
30,8,2019-05-19 08:45:00+00:00,23.4,0.3,50,44,445,8
30,8,2019-05-19 08:50:00+00:00,23.41,0.3,55,44,445,8
30,8,2019-05-19 08:55:00+00:00,23.42,0.3,55,44,446,8
30,8,2019-05-19 09:00:00+00:00,23.43,0.3,55,43,445,9
30,8,2019-05-19 09:05:00+00:00,23.45,0.3,55,44,445,9
30,8,2019-05-19 09:10:00+00:00,23.46,0.3,60,44,444,9
30,8,2019-05-19 09:15:00+00:00,23.49,0.3,81,44,445,9
30,8,2019-05-19 09:20:00+00:00,23.51,0.3,107,44,445,9
30,8,2019-05-19 09:25:00+00:00,23.53,0.4,112,44,445,9
30,8,2019-05-19 09:30:00+00:00,23.54,0.4,112,44,445,9
30,8,2019-05-19 09:35:00+00:00,23.55,0.4,112,44,445,9
30,8,2019-05-19 09:40:00+00:00,23.56,0.4,112,44,446,9
30,8,2019-05-19 09:45:00+00:00,23.57,0.4,112,44,445,9
30,8,2019-05-19 09:50:00+00:00,23.6,0.4,112,44,444,9
30,8,2019-05-19 09:55:00+00:00,23.6,0.4,117,44,444,9
30,8,2019-05-19 10:00:00+00:00,23.63,0.4,117,44,445,10
30,8,2019-05-19 10:05:00+00:00,23.64,0.4,117,44,443,10
30,8,2019-05-19 10:10:00+00:00,23.66,0.4,122,44,443,10
30,8,2019-05-19 10:15:00+00:00,23.69,0.4,117,44,443,10
30,8,2019-05-19 10:20:00+00:00,23.7,0.4,122,44,444,10
30,8,2019-05-19 10:25:00+00:00,23.72,0.4,122,44,446,10
30,8,2019-05-19 10:30:00+00:00,23.75,0.4,128,44,444,10
30,8,2019-05-19 10:35:00+00:00,23.76,0.4,138,44,442,10
30,8,2019-05-19 10:40:00+00:00,23.78,0.4,138,44,443,10
30,8,2019-05-19 10:45:00+00:00,23.79,0.4,143,44,444,10
30,8,2019-05-19 10:50:00+00:00,23.81,0.4,143,44,444,10
30,8,2019-05-19 10:55:00+00:00,23.83,0.4,143,44,445,10
30,8,2019-05-19 11:00:00+00:00,23.86,0.4,138,44,445,11
30,8,2019-05-19 11:05:00+00:00,23.88,0.4,138,44,443,11
30,8,2019-05-19 11:10:00+00:00,23.9,0.4,138,44,442,11
30,8,2019-05-19 11:15:00+00:00,23.92,0.5,138,44,442,11
30,8,2019-05-19 11:20:00+00:00,23.95,0.5,138,44,445,11
30,8,2019-05-19 11:25:00+00:00,23.96,0.5,122,44,443,11
30,8,2019-05-19 11:30:00+00:00,23.99,0.5,86,44,443,11
30,8,2019-05-19 11:35:00+00:00,24.0,0.5,60,44,443,11
30,8,2019-05-19 11:40:00+00:00,24.02,0.5,60,44,443,11
30,8,2019-05-19 11:45:00+00:00,24.02,0.5,65,44,443,11
30,8,2019-05-19 11:50:00+00:00,24.04,0.5,76,44,442,11
30,8,2019-05-19 11:55:00+00:00,24.07,0.5,71,44,443,11
30,8,2019-05-19 12:00:00+00:00,24.07,0.5,65,44,443,12
30,8,2019-05-19 12:05:00+00:00,24.1,0.5,86,44,444,12
30,8,2019-05-19 12:10:00+00:00,24.12,0.5,117,44,443,12
30,8,2019-05-19 12:15:00+00:00,24.13,0.5,112,44,442,12
30,8,2019-05-19 12:20:00+00:00,24.14,0.5,60,44,444,12
30,8,2019-05-19 12:25:00+00:00,24.14,0.5,50,44,443,12
30,8,2019-05-19 12:30:00+00:00,24.16,0.5,55,44,443,12
30,8,2019-05-19 12:35:00+00:00,24.18,0.5,45,44,444,12
30,8,2019-05-19 12:40:00+00:00,24.19,0.5,50,44,443,12
30,8,2019-05-19 12:45:00+00:00,24.21,0.5,60,44,444,12
30,8,2019-05-19 12:50:00+00:00,24.24,0.5,55,44,443,12
30,8,2019-05-19 12:55:00+00:00,24.25,0.5,71,44,442,12
30,8,2019-05-19 12:55:00+00:00,24.25,0.5,71,44,442,12
30,8,2019-05-19 13:05:00+00:00,24.29,0.5,40,44,444,13
30,8,2019-05-19 13:10:00+00:00,24.31,0.5,60,44,444,13
30,8,2019-05-19 13:15:00+00:00,24.32,0.6,65,44,443,13
30,8,2019-05-19 13:20:00+00:00,24.35,0.6,112,44,443,13
30,8,2019-05-19 13:25:00+00:00,24.37,0.6,102,44,443,13
30,8,2019-05-19 13:30:00+00:00,24.39,0.6,91,44,444,13
30,8,2019-05-19 13:35:00+00:00,24.41,0.6,112,44,443,13
30,8,2019-05-19 13:40:00+00:00,24.42,0.6,107,44,443,13
30,8,2019-05-19 13:45:00+00:00,24.43,0.6,91,44,442,13
30,8,2019-05-19 13:50:00+00:00,24.45,0.6,102,44,443,13
30,8,2019-05-19 13:55:00+00:00,24.46,0.6,102,44,444,13
30,8,2019-05-19 14:00:00+00:00,24.47,0.6,91,44,443,14
30,8,2019-05-19 14:05:00+00:00,24.5,0.6,97,44,443,14
30,8,2019-05-19 14:10:00+00:00,24.5,0.6,91,44,443,14
30,8,2019-05-19 14:15:00+00:00,24.53,0.6,91,44,442,14
30,8,2019-05-19 14:20:00+00:00,24.53,0.6,86,44,442,14
30,8,2019-05-19 14:25:00+00:00,24.55,0.6,65,44,442,14
30,8,2019-05-19 14:30:00+00:00,24.57,0.6,71,44,442,14
30,8,2019-05-19 14:35:00+00:00,24.58,0.6,86,44,441,14
30,8,2019-05-19 14:40:00+00:00,24.59,0.6,81,44,441,14
30,8,2019-05-19 14:45:00+00:00,24.61,0.6,91,44,442,14
30,8,2019-05-19 14:50:00+00:00,24.62,0.6,91,44,441,14
30,8,2019-05-19 14:55:00+00:00,24.63,0.6,81,44,441,14
30,8,2019-05-19 15:00:00+00:00,24.66,0.6,76,44,441,15
30,8,2019-05-19 15:05:00+00:00,24.65,0.6,55,44,440,15
30,8,2019-05-19 15:10:00+00:00,24.66,0.6,71,44,440,15
30,8,2019-05-19 15:15:00+00:00,24.67,0.6,60,44,441,15
30,8,2019-05-19 15:20:00+00:00,24.68,0.6,55,44,440,15
30,8,2019-05-19 15:25:00+00:00,24.69,0.6,34,44,440,15
30,8,2019-05-19 15:30:00+00:00,24.7,0.6,19,44,439,15
30,8,2019-05-19 15:35:00+00:00,24.7,0.6,3,44,438,15
30,8,2019-05-19 15:40:00+00:00,24.7,0.6,14,44,440,15
30,8,2019-05-19 15:45:00+00:00,24.71,0.6,14,44,439,15
30,8,2019-05-19 15:50:00+00:00,24.71,0.6,19,44,440,15
30,8,2019-05-19 15:55:00+00:00,24.72,0.6,14,44,440,15
30,8,2019-05-19 16:00:00+00:00,24.72,0.6,0,44,439,16
30,8,2019-05-19 16:05:00+00:00,24.72,0.6,0,44,439,16
30,8,2019-05-19 16:10:00+00:00,24.74,0.6,0,44,440,16
30,8,2019-05-19 16:15:00+00:00,24.75,0.6,0,44,440,16
30,8,2019-05-19 16:20:00+00:00,24.75,0.6,0,44,441,16
30,8,2019-05-19 16:25:00+00:00,24.76,0.6,0,44,439,16
30,8,2019-05-19 16:30:00+00:00,24.77,0.6,0,44,440,16
30,8,2019-05-19 16:35:00+00:00,24.77,0.6,0,44,440,16
30,8,2019-05-19 16:40:00+00:00,24.78,0.6,0,44,439,16
30,8,2019-05-19 16:45:00+00:00,24.79,0.6,0,44,439,16
30,8,2019-05-19 16:50:00+00:00,24.78,0.6,0,44,439,16
30,8,2019-05-19 16:55:00+00:00,24.78,0.6,0,44,438,16
30,8,2019-05-19 17:00:00+00:00,24.79,0.6,0,44,438,17
30,8,2019-05-19 17:05:00+00:00,24.79,0.6,0,44,438,17
30,8,2019-05-19 17:10:00+00:00,24.79,0.6,0,44,438,17
30,8,2019-05-19 17:15:00+00:00,24.79,0.6,0,44,437,17
30,8,2019-05-19 17:20:00+00:00,24.8,0.6,0,44,437,17
30,8,2019-05-19 17:25:00+00:00,24.78,0.6,0,44,438,17
30,8,2019-05-19 17:30:00+00:00,24.79,0.6,0,44,439,17
30,8,2019-05-19 17:35:00+00:00,24.78,0.6,0,44,438,17
30,8,2019-05-19 17:40:00+00:00,24.77,0.6,0,44,438,17
30,8,2019-05-19 17:45:00+00:00,24.78,0.6,0,44,439,17
30,8,2019-05-19 17:50:00+00:00,24.77,0.6,0,44,437,17
30,8,2019-05-19 17:55:00+00:00,24.76,0.6,0,44,436,17
30,8,2019-05-19 18:00:00+00:00,24.76,0.6,0,44,437,18
30,8,2019-05-19 18:05:00+00:00,24.75,0.6,0,44,437,18
30,8,2019-05-19 18:10:00+00:00,24.74,0.6,0,44,437,18
30,8,2019-05-19 18:15:00+00:00,24.74,0.6,0,44,437,18
30,8,2019-05-19 18:20:00+00:00,24.74,0.6,0,44,437,18
30,8,2019-05-19 18:25:00+00:00,24.74,0.6,0,44,437,18
30,8,2019-05-19 18:30:00+00:00,24.72,0.6,0,44,437,18
30,8,2019-05-19 18:35:00+00:00,24.71,0.6,0,44,437,18
30,8,2019-05-19 18:40:00+00:00,24.7,0.6,0,44,436,18
30,8,2019-05-19 18:45:00+00:00,24.71,0.6,0,44,438,18
30,8,2019-05-19 18:50:00+00:00,24.69,0.6,0,44,438,18
30,8,2019-05-19 18:55:00+00:00,24.69,0.6,0,44,438,18
30,8,2019-05-19 19:00:00+00:00,24.67,0.6,0,44,437,19
30,8,2019-05-19 19:05:00+00:00,24.66,0.6,0,44,437,19
30,8,2019-05-19 19:10:00+00:00,24.66,0.6,0,44,437,19
30,8,2019-05-19 19:15:00+00:00,24.65,0.6,0,44,435,19
30,8,2019-05-19 19:20:00+00:00,24.65,0.6,0,44,435,19
30,8,2019-05-19 19:25:00+00:00,24.63,0.6,0,44,436,19
30,8,2019-05-19 19:30:00+00:00,24.62,0.6,0,44,436,19
30,8,2019-05-19 19:35:00+00:00,24.61,0.6,0,44,435,19
30,8,2019-05-19 19:40:00+00:00,24.6,0.6,0,44,434,19
30,8,2019-05-19 19:45:00+00:00,24.6,0.6,0,44,436,19
30,8,2019-05-19 19:50:00+00:00,24.58,0.6,0,44,436,19
30,8,2019-05-19 19:55:00+00:00,24.56,0.6,0,44,435,19
30,8,2019-05-19 20:00:00+00:00,24.55,0.6,0,44,435,20
30,8,2019-05-19 20:05:00+00:00,24.55,0.6,0,44,435,20
30,8,2019-05-19 20:10:00+00:00,24.54,0.6,0,44,434,20
30,8,2019-05-19 20:15:00+00:00,24.53,0.6,0,44,435,20
30,8,2019-05-19 20:20:00+00:00,24.52,0.6,0,44,434,20
30,8,2019-05-19 20:25:00+00:00,24.5,0.6,0,44,435,20
30,8,2019-05-19 20:30:00+00:00,24.49,0.6,0,44,435,20
30,8,2019-05-19 20:35:00+00:00,24.49,0.6,0,44,433,20
30,8,2019-05-19 20:40:00+00:00,24.47,0.6,0,44,434,20
30,8,2019-05-19 20:45:00+00:00,24.47,0.6,0,44,434,20
30,8,2019-05-19 20:50:00+00:00,24.47,0.6,0,44,434,20
30,8,2019-05-19 20:55:00+00:00,24.45,0.5,0,44,433,20
30,8,2019-05-19 21:00:00+00:00,24.44,0.5,0,44,432,21
30,8,2019-05-19 21:05:00+00:00,24.44,0.5,0,44,433,21
30,8,2019-05-19 21:10:00+00:00,24.43,0.5,0,44,433,21
30,8,2019-05-19 21:15:00+00:00,24.41,0.5,0,44,432,21
30,8,2019-05-19 21:20:00+00:00,24.4,0.5,0,44,432,21
30,8,2019-05-19 21:25:00+00:00,24.39,0.5,0,44,431,21
30,8,2019-05-19 21:30:00+00:00,24.38,0.5,0,44,431,21
30,8,2019-05-19 21:35:00+00:00,24.39,0.5,0,44,431,21
30,8,2019-05-19 21:40:00+00:00,24.38,0.5,0,44,431,21
30,8,2019-05-19 21:45:00+00:00,24.37,0.5,0,44,430,21
30,8,2019-05-19 21:50:00+00:00,24.38,0.5,0,44,431,21
30,8,2019-05-19 21:55:00+00:00,24.37,0.5,0,44,432,21
30,8,2019-05-19 22:00:00+00:00,24.37,0.5,0,44,432,22
30,8,2019-05-19 22:05:00+00:00,24.36,0.5,0,44,432,22
30,8,2019-05-19 22:10:00+00:00,24.34,0.5,0,44,432,22
30,8,2019-05-19 22:15:00+00:00,24.33,0.5,0,44,432,22
30,8,2019-05-19 22:20:00+00:00,24.32,0.5,0,44,432,22
30,8,2019-05-19 22:25:00+00:00,24.31,0.5,0,44,432,22
30,8,2019-05-19 22:30:00+00:00,24.31,0.5,0,44,431,22
30,8,2019-05-19 22:35:00+00:00,24.31,0.5,0,44,430,22
30,8,2019-05-19 22:40:00+00:00,24.29,0.5,0,44,429,22
30,8,2019-05-19 22:45:00+00:00,24.28,0.5,0,44,430,22
30,8,2019-05-19 22:50:00+00:00,24.27,0.5,0,44,431,22
30,8,2019-05-19 22:55:00+00:00,24.26,0.5,0,44,430,22
30,8,2019-05-19 23:00:00+00:00,24.26,0.5,0,44,430,23
30,8,2019-05-19 23:05:00+00:00,24.25,0.5,0,44,429,23
30,8,2019-05-19 23:10:00+00:00,24.24,0.5,0,44,429,23
30,8,2019-05-19 23:15:00+00:00,24.24,0.5,0,44,430,23
30,8,2019-05-19 23:20:00+00:00,24.23,0.5,0,44,429,23
30,8,2019-05-19 23:25:00+00:00,24.23,0.5,0,44,428,23
30,8,2019-05-19 23:30:00+00:00,24.22,0.5,0,44,429,23
30,8,2019-05-19 23:35:00+00:00,24.21,0.5,0,44,428,23
